id,name,lat,lon,lat_0,lon_0,lat_1,lon_1,off_or_on_street,capacity
902,California and Steiner Lot,37.7889185029,-122.4348029307,NA,NA,NA,NA,OFF,11
930,16th and Hoff Garage,37.76425207,-122.4207729,NA,NA,NA,NA,OFF,70
931,Civic Center Garage,37.7802465669,-122.4177671135,NA,NA,NA,NA,OFF,843
932,Ellis OFarrell Garage,37.7863925455,-122.4071540583,NA,NA,NA,NA,OFF,950
933,Fifth and Mission Garage,37.7832776731,-122.405537559,NA,NA,NA,NA,OFF,2586
934,Golden Gateway Garage,37.79544154,-122.3986032,NA,NA,NA,NA,OFF,1142
935,Japan Center Garage,37.7849220106,-122.4301614271,NA,NA,NA,NA,OFF,745
936,Japan Center Annex Garage,37.7849547433,-122.4328661663,NA,NA,NA,NA,OFF,175
938,Lombard Street Garage,37.7996475876,-122.4348921128,NA,NA,NA,NA,OFF,205
939,Mission Bartlett Garage,37.7568400419,-122.4204335636,NA,NA,NA,NA,OFF,230
941,Moscone Center Garage,37.78452379,-122.3994795,NA,NA,NA,NA,OFF,752
943,Performing Arts Garage,37.77810302,-122.4225312,NA,NA,NA,NA,OFF,600
948,St. Marys Square Garage,37.79199927,-122.4045476,NA,NA,NA,NA,OFF,392
949,Sutter Stockton Garage,37.7897829226,-122.4068556189,NA,NA,NA,NA,OFF,1650
950,Union Square Garage,37.7876789151,-122.407447946,NA,NA,NA,NA,OFF,800
201001,1st St (1-99),NA,NA,37.7909273788,-122.3989076645,37.7899245625,-122.3976322671,ON,22
201002,1st St (2-98),NA,NA,37.7907925971,-122.3989941662,37.7899084691,-122.3978696439,ON,17
201021,1st St (201-299),NA,NA,37.7884691209,-122.3957865621,37.7874481996,-122.3945101589,ON,14
201022,1st St (200-298),NA,NA,37.7883494267,-122.3959414605,37.7873536512,-122.3946962382,ON,8
201031,1st St (301-399),NA,NA,37.7871927178,-122.3941913096,37.7862572923,-122.3930215248,ON,8
201032,1st St (300-360),NA,NA,37.7870850935,-122.3943602897,37.7864594649,-122.3935797626,ON,5
202001,2nd St (1-99),NA,NA,37.7891993563,-122.4011657614,37.7881764233,-122.3998792999,ON,null
202002,2nd St (36-98),NA,NA,37.7884731442,-122.4005079461,37.7880456649,-122.3999708308,ON,3
202021,2nd St (201-299),NA,NA,37.7865077449,-122.3977841481,37.7857332529,-122.3968165359,ON,6
202022,2nd St (200-298),NA,NA,37.78648763,-122.3980153549,37.7856316636,-122.3969462885,ON,5
202031,2nd St (301-399),NA,NA,37.7853228727,-122.396277409,37.7846640515,-122.3954486019,ON,11
202032,2nd St (300-398),NA,NA,37.7851136592,-122.396319654,37.7843482197,-122.395357071,ON,8
202041,2nd St (401-499),NA,NA,37.7840826795,-122.394721384,37.7832639308,-122.3936934218,ON,6
202042,2nd St (400-498),NA,NA,37.7838442969,-122.394727419,37.7831221082,-122.3938211627,ON,5
202051,2nd St (501-599),NA,NA,37.7830014082,-122.3933665258,37.7820348019,-122.3921595252,ON,4
202052,2nd St (500-548),NA,NA,37.7828957956,-122.3935385234,37.7825015088,-122.3930456649,ON,6
202054,2nd St (550-598),NA,NA,37.782312412,-122.3928102997,37.7818919734,-122.3922842486,ON,2
202061,2nd St (601-699),NA,NA,37.7815580366,-122.3915650774,37.7808026554,-122.3906205995,ON,4
202062,2nd St (600-698),NA,NA,37.7816747133,-122.3920136793,37.7808388654,-122.3909696238,ON,14
202071,2nd St (701-799),NA,NA,37.7805743311,-122.3903590827,37.7801227117,-122.3897646349,ON,5
202072,2nd St (700-798),NA,NA,37.7804264735,-122.3904335144,37.7801509775,-122.3900945651,ON,4
203031,3rd St (301-399),NA,NA,37.7837477369,-122.3987316435,37.7828193522,-122.3975719171,ON,10
203032,3rd St (300-398),NA,NA,37.7836310601,-122.3988905653,37.7826131563,-122.3976191913,ON,20
203041,3rd St (401-499),NA,NA,37.7825085496,-122.3971766244,37.7822389861,-122.3968376584,ON,4
203042,3rd St (434-466),NA,NA,37.7820086502,-122.3968547576,37.78175518,-122.3965359083,ON,2
203043,3rd St (467-499),NA,NA,37.7817501509,-122.3962251056,37.7814876282,-122.3958941863,ON,4
203044,3rd St (468-498),NA,NA,37.7814081674,-122.3961003822,37.7816445383,-122.3964061557,ON,6
203051,3rd St (501-549),NA,NA,37.781265339,-122.3956155703,37.7809243613,-122.3951890968,ON,3
203052,3rd St (500-598),NA,NA,37.7811707906,-122.3958026554,37.7801448401,-122.3945161939,ON,5
203053,3rd St (551-599),NA,NA,37.7806065178,-122.3947907866,37.780254476,-122.3943502313,ON,3
203061,3rd St (601-699),NA,NA,37.7800623617,-122.3941148662,37.7790665862,-122.3928686381,ON,9
203062,3rd St (600-698),NA,NA,37.7798913699,-122.3942074029,37.7789237578,-122.3929943673,ON,12
203071,3rd St (701-799),NA,NA,37.7788221686,-122.3925548179,37.7783967009,-122.3920287668,ON,7
203072,3rd St (700-798),NA,NA,37.7786974452,-122.392717763,37.7782196741,-122.3921132569,ON,8
204051,4th St (501-567),NA,NA,37.7794789781,-122.3978143231,37.7788664253,-122.397045866,ON,10
204052,4th St (500-598),NA,NA,37.7793783947,-122.3979943673,37.7783685375,-122.3967260109,ON,14
204061,4th St (601-699),NA,NA,37.7782780125,-122.3963065782,37.7773340458,-122.395121306,ON,5
204062,4th St (600-648),NA,NA,37.7779430698,-122.3961919131,37.7777932006,-122.3960028163,ON,1
205061,5th St (601-699),NA,NA,37.776331724,-122.3983061758,37.7755461678,-122.3973214645,ON,9
205062,5th St (600-698),NA,NA,37.7761878898,-122.3984308992,37.7753862402,-122.3974260712,ON,16
216291,16th St (2901-2999),NA,NA,37.7651015892,-122.4177016697,37.7650140817,-122.4191490646,ON,16
216292,16th St (2900-2998),NA,NA,37.7652293301,-122.4178626031,37.7651559042,-122.4190816737,ON,10
216302,16th St (3000-3070),NA,NA,37.7651025951,-122.4199537316,37.7650201167,-122.4213236773,ON,9
216311,16th St (3101-3199),NA,NA,37.7648239791,-122.4222922953,37.7647304365,-122.4238392678,ON,4
216312,16th St (3100-3198),NA,NA,37.7649708308,-122.4221333736,37.7648752766,-122.4237175619,ON,6
218341,18th St (3401-3499),NA,NA,37.7617712734,-122.4195171998,37.7616757192,-122.4211044056,ON,3
218342,18th St (3400-3498),NA,NA,37.7618597868,-122.4198792999,37.7617692617,-122.4213769865,ON,6
220351,20th St (3501-3599),NA,NA,37.7585737276,-122.4192576946,37.7584661034,-122.421028968,ON,12
220352,20th St (3500-3598),NA,NA,37.7586652585,-122.419291893,37.7585576343,-122.4210611547,ON,13
221321,21st St (3201-3249),NA,NA,37.7569784752,-122.4190746329,37.7569291893,-122.4198953933,ON,6
221322,21st St (3200-3298),NA,NA,37.7570679944,-122.4191460471,37.7569583585,-122.4209515188,ON,8
221323,21st St (3251-3299),NA,NA,37.7568658218,-122.4209474955,37.7569141018,-122.4201408167,ON,6
222321,22nd St (3201-3249),NA,NA,37.7553711527,-122.4189207403,37.755320861,-122.4197545765,ON,8
222322,22nd St (3200-3248),NA,NA,37.7554817944,-122.4189126936,37.7554325085,-122.4197304365,ON,8
222323,22nd St (3251-3299),NA,NA,37.7552584993,-122.4207976262,37.7553047677,-122.4200281633,ON,8
222324,22nd St (3250-3298),NA,NA,37.7553681352,-122.4208036612,37.755417421,-122.4199909475,ON,5
223331,23rd St (3301-3399),NA,NA,37.7537789177,-122.4187759002,37.7536702877,-122.4205803661,ON,9
223332,23rd St (3300-3398),NA,NA,37.7538694428,-122.4188302152,37.753764836,-122.4205632669,ON,8
305001,Avila St (1-99),NA,NA,37.800393281,-122.440381211,37.8005250453,-122.4404083685,ON,1
305002,Avila St (2-98),NA,NA,37.800429491,-122.4402826393,37.8005310803,-122.4403037618,ON,1
323001,Bartlett St (1-99),NA,NA,37.7568839268,-122.4199265741,37.7555290686,-122.4197968216,ON,11
323002,Bartlett St (2-98),NA,NA,37.7568527459,-122.4200764434,37.7555049286,-122.4199476966,ON,17
324021,Battery St (201-299),NA,NA,37.7933393683,-122.4000673909,37.793983102,-122.4002001609,ON,8
324022,Battery St (200-298),NA,NA,37.7933433917,-122.3999064575,37.7940112653,-122.4000432509,ON,10
324031,Battery St (301-399),NA,NA,37.7942164554,-122.4002474351,37.7947917924,-122.4003661235,ON,8
324032,Battery St (300-398),NA,NA,37.7943049688,-122.4001046067,37.7948481191,-122.4002162543,ON,7
324041,Battery St (401-499),NA,NA,37.7951096359,-122.4004425669,37.7957060954,-122.4005532086,ON,6
324052,Battery St (500-598),NA,NA,37.7960440555,-122.4004465902,37.7966294508,-122.4005662844,ON,2
325052,Bay St (500-598),NA,NA,37.8054657011,-122.4154546369,37.8052977268,-122.4167883726,ON,9
326022,Beach St (200-298),NA,NA,37.8077268155,-122.4124924562,37.8075578354,-122.4138181452,ON,7
326032,Beach St (300-398),NA,NA,37.8075075438,-122.4141933213,37.8073556628,-122.4154033394,ON,4
326042,Beach St (400-498),NA,NA,37.8073083887,-122.4158318246,37.8071424261,-122.4171343794,ON,11
326052,Beach St (500-598),NA,NA,37.8071031986,-122.4174351237,37.806931201,-122.4187849527,ON,6
326061,Beach St (641-699),NA,NA,37.8066777308,-122.4198561658,37.8066113458,-122.420387246,ON,2
326062,Beach St (600-698),NA,NA,37.806901026,-122.4190474754,37.8067803259,-122.4199476966,ON,4
326071,Beach St (701-799),NA,NA,37.8065670891,-122.4206920137,37.806398109,-122.422003621,ON,7
326072,Beach St (700-898),NA,NA,37.8066928183,-122.4208137196,37.8065047274,-122.4222671495,ON,8
326081,Beach St (801-899),NA,NA,37.8063588815,-122.4223174412,37.8061868839,-122.4236763227,ON,9
326082,Beach St (800-898),NA,NA,37.8064906457,-122.422378797,37.806295514,-122.4237306377,ON,3
328001,Beale St (1-99),NA,NA,37.7922751961,-122.3970891169,37.7913367532,-122.3958911688,ON,17
328002,Beale St (2-98),NA,NA,37.7922017703,-122.3972812311,37.7912180648,-122.396047073,ON,14
330021,Brannan St (269-299),NA,NA,37.782342587,-122.3912874673,37.781967411,-122.3917632267,ON,5
330022,Brannan St (272-298),NA,NA,37.7823586803,-122.3915751358,37.7820166968,-122.3920076443,ON,6
330031,Brannan St (301-399),NA,NA,37.7816787367,-122.3921343794,37.7801518809,-122.394061557,ON,20
330032,Brannan St (300-348),NA,NA,37.7817813317,-122.3923104003,37.781083283,-122.3931894991,ON,10
330034,Brannan St (350-398),NA,NA,37.7802454235,-122.394249648,37.780956548,-122.3933494267,ON,11
330041,Brannan St (401-499),NA,NA,37.7799255683,-122.3943482197,37.778419835,-122.3962542748,ON,24
330042,Brannan St (400-498),NA,NA,37.7800618776,-122.3944819571,37.7784922551,-122.3964685174,ON,16
330051,Brannan St (501-599),NA,NA,37.7781784349,-122.3965530074,37.7766455442,-122.3984942667,ON,29
330052,Brannan St (500-598),NA,NA,37.7782498491,-122.3967793201,37.7771313619,-122.3981955341,ON,8
331031,Bryant St (333-399),NA,NA,37.7841561054,-122.3921213036,37.7831532891,-122.39338966,ON,11
331032,Bryant St (332-398),NA,NA,37.7836662643,-122.3929983907,37.7832578958,-122.3935143834,ON,5
331041,Bryant St (401-449),NA,NA,37.7829139006,-122.3936612352,37.7821876886,-122.3945775498,ON,6
331042,Bryant St (400-498),NA,NA,37.7830456649,-122.3938191511,37.7815087508,-122.3957594045,ON,16
331043,Bryant St (451-499),NA,NA,37.782070006,-122.3947264132,37.7813387648,-122.3956487628,ON,6
331051,Bryant St (501-599),NA,NA,37.7811557031,-122.3958811104,37.779679139,-122.3977579964,ON,10
334181,Buchanan St (1801-1899),NA,NA,37.786604305,-122.4300673909,37.7871202977,-122.4301709918,ON,3
334182,Buchanan St (1800-1898),NA,NA,37.7866364917,-122.4299376383,37.7870740294,-122.4300261517,ON,2
336011,Bush St (101-199),NA,NA,37.7911959364,-122.4001921143,37.7911526856,-122.4005330919,ON,4
336012,Bush St (100-198),NA,NA,37.7913055723,-122.4001418226,37.7912572923,-122.4005210219,ON,6
336021,Bush St (201-251),NA,NA,37.791095353,-122.4009605713,37.7909716355,-122.4019322068,ON,11
336031,Bush St (311-399),NA,NA,37.7908660229,-122.4027529672,37.7907302354,-122.4038171394,ON,12
339011,Berry St (101-199),NA,NA,37.7771635486,-122.3914654999,37.7758579763,-122.3931211024,ON,11
339012,Berry St (100-198),NA,NA,37.7774391471,-122.391373969,37.7759977872,-122.3932015691,ON,25
339021,Berry St (201-299),NA,NA,37.7752001609,-122.3939800845,37.7739660028,-122.3955491853,ON,20
339022,Berry St (200-298),NA,NA,37.7755290686,-122.3937960169,37.7756910078,-122.393589821,ON,1
339031,Berry St (301-399),NA,NA,37.7738744719,-122.395659827,37.7722963186,-122.3976654597,ON,27
339041,Berry St (401-499),NA,NA,37.7721836653,-122.3978022531,37.7711144639,-122.3991339771,ON,15
339042,Berry St (400-498),NA,NA,37.7710038222,-122.3995322873,37.7717239992,-122.3986189901,ON,5
350231,California St (2353-2399),NA,NA,37.7888654194,-122.4334902434,37.7888382619,-122.4336954335,ON,2
350232,California St (2350-2398),NA,NA,37.7890283645,-122.4335455643,37.789007242,-122.4337135385,ON,1
350241,California St (2401-2499),NA,NA,37.7888050694,-122.433971032,37.7886310601,-122.4353399718,ON,8
350242,California St (2400-2498),NA,NA,37.7889720378,-122.4339871253,37.7888181452,-122.4352011668,ON,5
354201,Chestnut St (2001-2099),NA,NA,37.800708107,-122.4365972641,37.8005622611,-122.4377489439,ON,5
354202,Chestnut St (2000-2048),NA,NA,37.8008338363,-122.4365851941,37.8007573929,-122.4371967411,ON,7
354204,Chestnut St (2050-2098),NA,NA,37.800659827,-122.4379651981,37.8007030779,-122.4376191913,ON,4
354211,Chestnut St (2101-2199),NA,NA,37.8005300744,-122.4380044257,37.8003832227,-122.4391671696,ON,9
354212,Chestnut St (2100-2198),NA,NA,37.8006517803,-122.4380275598,37.8004828002,-122.4393623013,ON,11
354221,Chestnut St (2201-2299),NA,NA,37.8003228727,-122.4396459465,37.8001458459,-122.4410370147,ON,11
354222,Chestnut St (2200-2248),NA,NA,37.8004224502,-122.4398420841,37.8003771877,-122.4401951318,ON,3
354224,Chestnut St (2250-2298),NA,NA,37.8003067793,-122.4407543754,37.8003460068,-122.4404395494,ON,3
354231,Chestnut St (2301-2399),NA,NA,37.8000875075,-122.4414926574,37.799933615,-122.4427036814,ON,7
354232,Chestnut St (2300-2398),NA,NA,37.8002273184,-122.4413779924,37.8001126534,-122.4422731845,ON,8
354241,Chestnut St (2401-2499),NA,NA,37.7998974049,-122.4429873265,37.7998451016,-122.4433997184,ON,6
354242,Chestnut St (2400-2498),NA,NA,37.8000170992,-122.4430315832,37.7999567491,-122.4435033193,ON,4
359012,Clay St (100-198),NA,NA,37.7954828002,-122.3970046268,37.7953771877,-122.3978314222,ON,12
359032,Clay St (302-398),NA,NA,37.7952353651,-122.3993260913,37.7951287467,-122.4001619392,ON,5
359042,Clay St (400-498),NA,NA,37.795030175,-122.4004828002,37.7949295916,-122.4013126132,ON,5
359051,Clay St (501-599),NA,NA,37.7947555824,-122.4016938242,37.7946660632,-122.4026352847,ON,null
359241,Clay St (2401-2499),NA,NA,37.7908418829,-122.4326855763,37.7906688795,-122.4340504929,ON,3
359242,Clay St (2400-2440),NA,NA,37.7909615771,-122.4327227922,37.7909334138,-122.432942064,ON,2
359244,Clay St (2474-2498),NA,NA,37.7908137196,-122.4338875478,37.7907865621,-122.434097767,ON,3
359251,Clay St (2501-2599),NA,NA,37.790641722,-122.4343270972,37.790593442,-122.434703279,ON,2
363121,Columbus Ave (1201-1295),NA,NA,37.8052595051,-122.4175105613,37.8058348421,-122.4183303158,ON,6
363122,Columbus Ave (1200-1298),NA,NA,37.8056316636,-122.4177288272,37.8058801046,-122.4180818749,ON,3
363131,Columbus Ave (1297-1399),NA,NA,37.8060551197,-122.4186702877,37.8066485617,-122.4195433514,ON,8
363132,Columbus Ave (1350-1398),NA,NA,37.8064966807,-122.4190122712,37.8067038825,-122.4192939046,ON,6
364051,Commercial St (501-599),NA,NA,37.7943743714,-122.4015731241,37.7941983504,-122.4029390465,ON,7
370011,Capp St (101-199),NA,NA,37.7649778717,-122.4186129551,37.7636109435,-122.4184821967,ON,8
370012,Capp St (100-198),NA,NA,37.76493965,-122.4187547777,37.763607926,-122.4186270368,ON,13
380001,Davis St (1-99),NA,NA,37.7926704888,-122.3975186079,37.793299135,-122.3976483605,ON,4
380002,Davis St (2-98),NA,NA,37.792760008,-122.3973757795,37.7933584792,-122.3974994971,ON,9
380011,Davis St (101-199),NA,NA,37.7938915711,-122.3977690606,37.7942848521,-122.3978525448,ON,8
380012,Davis St (100-198),NA,NA,37.7936793402,-122.3975648763,37.7943049688,-122.3976976463,ON,11
380021,Davis St (201-399),NA,NA,37.7945755381,-122.3979139006,37.79498793,-122.3979973848,ON,2
380022,Davis St (200-398),NA,NA,37.7945564273,-122.3977318447,37.7951810501,-122.3978585798,ON,5
380031,Davis St (301-399),NA,NA,37.7954475961,-122.3980818749,37.796047073,-122.3982035808,ON,2
384321,Divisadero St (3201-3299),NA,NA,37.7991510762,-122.4427569905,37.7998712533,-122.4429028365,ON,5
384322,Divisadero St (3200-3298),NA,NA,37.7993482197,-122.4426403138,37.7998903641,-122.4427499497,ON,3
386001,Drumm St (7-99),NA,NA,37.7937869644,-122.3965379199,37.7944873102,-122.3966804204,ON,12
386011,Drumm St (101-199),NA,NA,37.7946710923,-122.3967179642,37.7951146651,-122.3968074834,ON,5
386012,Drumm St (100-198),NA,NA,37.7947254074,-122.3964765641,37.7953701469,-122.3966073225,ON,7
386021,Drumm St (201-299),NA,NA,37.7955773486,-122.3969020318,37.7962321464,-122.3970348019,ON,3
386031,Drumm St (301-399),NA,NA,37.7964333132,-122.3970790585,37.7970971635,-122.3972138403,ON,6
386032,Drumm St (300-398),NA,NA,37.7965821766,-122.3968939851,37.7972832428,-122.3970559244,ON,7
411001,Fell St (1-99),NA,NA,37.7764946691,-122.417984309,37.776343794,-122.4191641521,ON,12
411002,Fell St (2-98),NA,NA,37.77662241,-122.418038624,37.7764715349,-122.4192295313,ON,8
411011,Fell St (101-199),NA,NA,37.7762743915,-122.4197113257,37.7761194931,-122.4209273788,ON,8
411012,Fell St (100-198),NA,NA,37.7764051499,-122.4197465299,37.776253269,-122.420938443,ON,13
411021,Fell St (201-299),NA,NA,37.7760732247,-122.4212874673,37.775908268,-122.422584993,ON,12
411022,Fell St (200-298),NA,NA,37.7761999598,-122.4213578757,37.7760370147,-122.4226362905,ON,3
411031,Fell St (301-399),NA,NA,37.7758609938,-122.4229531281,37.7757231945,-122.4240364112,ON,16
411032,Fell St (300-398),NA,NA,37.7759847113,-122.4230466707,37.7758539529,-122.4240685979,ON,3
413211,Filbert St (2101-2199),NA,NA,37.7980406357,-122.4350975659,37.7979923557,-122.4354797827,ON,5
413212,Filbert St (2100-2198),NA,NA,37.7981180849,-122.4353379602,37.798092939,-122.4355340978,ON,2
413221,Filbert St (2201-2299),NA,NA,37.7979450815,-122.4358499296,37.7979169181,-122.4360752364,ON,3
413222,Filbert St (2200-2298),NA,NA,37.798050694,-122.4358961979,37.7980255482,-122.4360671897,ON,3
415101,Fillmore St (1001-1099),NA,NA,37.778734661,-122.4318517401,37.7794266747,-122.431991551,ON,6
415111,Fillmore St (1101-1199),NA,NA,37.779673104,-122.4320418427,37.7801921143,-122.4321464494,ON,4
415112,Fillmore St (1100-1198),NA,NA,37.7798782941,-122.4319472943,37.7803731644,-122.4320478777,ON,6
415121,Fillmore St (1201-1299),NA,NA,37.7805954536,-122.4322279219,37.7813095957,-122.432372762,ON,10
415122,Fillmore St (1200-1298),NA,NA,37.7806125528,-122.4320961577,37.7813156307,-122.4322379803,ON,5
415131,Fillmore St (1301-1399),NA,NA,37.7817290284,-122.4324572521,37.7823224703,-122.4325779521,ON,5
415132,Fillmore St (1300-1398),NA,NA,37.7817471334,-122.4323254878,37.7822510561,-122.432427077,ON,5
415141,Fillmore St (1401-1499),NA,NA,37.7824602696,-122.4326051096,37.7829933615,-122.4327137397,ON,5
415142,Fillmore St (1400-1598),NA,NA,37.7824532287,-122.4324683162,37.7833730978,-122.4326545664,ON,6
415151,Fillmore St (1501-1599),NA,NA,37.783431905,-122.4328022531,37.7840897204,-122.4329350231,ON,2
415152,Fillmore St (1500-1598),NA,NA,37.7834138,-122.4326624422,37.7841108429,-122.4328042647,ON,8
415161,Fillmore St (1601-1699),NA,NA,37.7846238181,-122.4330436532,37.785030175,-122.4331261316,ON,5
415162,Fillmore St (1600-1698),NA,NA,37.7846499698,-122.4328957956,37.7848601891,-122.4329380406,ON,2
415171,Fillmore St (1701-1799),NA,NA,37.7852534701,-122.4331723999,37.7857463287,-122.4332709716,ON,6
415172,Fillmore St (1700-1798),NA,NA,37.785290686,-122.4330436532,37.7857151479,-122.4331291491,ON,6
415181,Fillmore St (1801-1899),NA,NA,37.7864685174,-122.4334168175,37.7868809093,-122.4334992959,ON,4
415182,Fillmore St (1800-1898),NA,NA,37.7862804265,-122.4332428083,37.786919131,-122.433371555,ON,10
415191,Fillmore St (1901-1999),NA,NA,37.7871323677,-122.4335505934,37.7876885938,-122.433662241,ON,3
415192,Fillmore St (1900-1998),NA,NA,37.7871504727,-122.4334178234,37.7878233756,-122.4335536109,ON,6
415201,Fillmore St (2001-2099),NA,NA,37.7880617582,-122.4337376785,37.7887557835,-122.4338774894,ON,3
415202,Fillmore St (2000-2098),NA,NA,37.788274995,-122.433644136,37.7887779119,-122.4337457252,ON,4
415211,Fillmore St (2101-2199),NA,NA,37.7890454637,-122.4339358278,37.7896831623,-122.4340635687,ON,3
415212,Fillmore St (2100-2198),NA,NA,37.789043452,-122.4337990344,37.7895584389,-122.4339026353,ON,4
415221,Fillmore St (2201-2299),NA,NA,37.7901136592,-122.4341510762,37.7905672903,-122.4342416013,ON,4
415222,Fillmore St (2200-2298),NA,NA,37.7899738483,-122.4339871253,37.7906085295,-122.4341148662,ON,5
415231,Fillmore St (2301-2399),NA,NA,37.7908237779,-122.4342939046,37.7914313015,-122.4344166164,ON,4
415232,Fillmore St (2300-2398),NA,NA,37.7908328304,-122.4341601287,37.7914936632,-122.4342928988,ON,8
415241,Fillmore St (2401-2499),NA,NA,37.79169483,-122.4344689197,37.7921182861,-122.4345544156,ON,6
415242,Fillmore St (2400-2498),NA,NA,37.7917159525,-122.4343371555,37.7923737679,-122.4344699256,ON,7
415311,Fillmore St (3101-3149),NA,NA,37.7981211024,-122.4357664454,37.7984238584,-122.4358278012,ON,6
415312,Fillmore St (3100-3148),NA,NA,37.7981311607,-122.4356326695,37.7984329109,-122.4356940253,ON,6
415313,Fillmore St (3151-3199),NA,NA,37.7985385234,-122.4358509354,37.7988493261,-122.4359132971,ON,6
415314,Fillmore St (3150-3198),NA,NA,37.7988694428,-122.4357815329,37.7985576343,-122.4357191712,ON,6
415321,Fillmore St (3201-3229),NA,NA,37.7990635687,-122.435956548,37.7993562663,-122.4360199155,ON,5
415322,Fillmore St (3200-3248),NA,NA,37.7990716154,-122.4358227721,37.7993562663,-122.4358801046,ON,5
415332,Fillmore St (3300-3398),NA,NA,37.8001046067,-122.4360319855,37.8003621002,-122.4360842889,ON,2
418001,Folsom St (53-99),NA,NA,37.7906035003,-122.3901388051,37.7901377992,-122.3907312412,ON,3
418002,Folsom St (40-98),NA,NA,37.7906980487,-122.3903289077,37.7902273184,-122.3909243613,ON,7
418051,Folsom St (501-599),NA,NA,37.7871454436,-122.3945182056,37.7855964595,-122.3964836049,ON,5
418052,Folsom St (500-598),NA,NA,37.7872691611,-122.3946680748,37.7860480789,-122.3962170589,ON,6
418061,Folsom St (601-643),NA,NA,37.7853842285,-122.3967511567,37.7846720982,-122.3976533897,ON,2
418062,Folsom St (600-650),NA,NA,37.7855286539,-122.3968769033,37.7847887749,-122.3978123114,ON,1
418063,Folsom St (645-699),NA,NA,37.7845363106,-122.3978253872,37.7838080869,-122.3987457252,ON,11
419011,Franklin St (101-199),NA,NA,37.7754395494,-122.421089318,37.7760329913,-122.4212090123,ON,6
419021,Franklin St (201-299),NA,NA,37.7762965198,-122.4212613156,37.7769684168,-122.4213971032,ON,3
419022,Franklin St (200-298),NA,NA,37.7763900624,-122.4211033997,37.7769623818,-122.4212180648,ON,5
419031,Franklin St (301-399),NA,NA,37.7772570911,-122.4214554416,37.7779068598,-122.4215862,ON,8
419032,Franklin St (300-398),NA,NA,37.7773033595,-122.4212864615,37.7778726614,-122.4214011265,ON,5
419041,Franklin St (401-499),NA,NA,37.7781683766,-122.4216395092,37.7787276202,-122.4217521625,ON,8
419042,Franklin St (400-598),NA,NA,37.7782428083,-122.4214765641,37.7790283645,-122.4216354858,ON,7
419051,Franklin St (501-599),NA,NA,37.7790474754,-122.4218175417,37.779757594,-122.4219603701,ON,11
419052,Franklin St (466-598),NA,NA,37.7792536713,-122.4216807483,37.7797777107,-122.4217873667,ON,7
420001,Fremont St (1-99),NA,NA,37.7912502515,-122.3975528063,37.7906326695,-122.3967773084,ON,11
420002,Fremont St (2-98),NA,NA,37.7911929189,-122.397735868,37.7904968819,-122.3968638101,ON,8
420021,Fremont St (201-299),NA,NA,37.7891882921,-122.3949446791,37.7886179843,-122.3942295313,ON,7
422001,Front St (1-99),NA,NA,37.7918607926,-122.3985566284,37.7922711728,-122.3986391068,ON,5
422002,Front St (2-98),NA,NA,37.7922892778,-122.3984842084,37.7922208811,-122.3984701267,ON,1
422011,Front St (101-199),NA,NA,37.7925005029,-122.3986873868,37.7932247033,-122.3988372561,ON,9
422012,Front St (100-198),NA,NA,37.7925598471,-122.3985405351,37.7932438141,-122.3986813518,ON,3
422021,Front St (201-299),NA,NA,37.7936883927,-122.3989307986,37.7941762221,-122.3990062362,ON,5
422022,Front St (200-298),NA,NA,37.7939780728,-122.3988322269,37.7934992959,-122.3987316435,ON,3
422031,Front St (301-399),NA,NA,37.7944296922,-122.3990897204,37.795066385,-122.3992184671,ON,6
422032,Front St (300-398),NA,NA,37.7944669081,-122.3989187286,37.7950985717,-122.3990474754,ON,3
440152,Geary Blvd (1500-1698),NA,NA,37.7851156709,-122.4281442366,37.7849436733,-122.4294960772,ON,11
440162,Geary Blvd (1500-1698),NA,NA,37.7849436733,-122.4294960772,37.7848239791,-122.4306799437,ON,8
440171,Geary Blvd (1801-1837),NA,NA,37.7843140213,-122.4316616375,37.7841832629,-122.4326855763,ON,2
440172,Geary Blvd (1750-1798),NA,NA,37.7847475357,-122.4314906457,37.7845835848,-122.4327750956,ON,8
440181,Geary Blvd (1839-1899),NA,NA,37.7841410179,-122.4330154898,37.7839760612,-122.4343150272,ON,5
440182,Geary Blvd (1800-1898),NA,NA,37.7844860189,-122.4335455643,37.7843773889,-122.4343934822,ON,7
442061,Golden Gate Ave (601-699),NA,NA,37.7809344196,-122.4206608328,37.7807855562,-122.4218356468,ON,6
442062,Golden Gate Ave (600-698),NA,NA,37.7810601489,-122.4207402937,37.7809193321,-122.4218507343,ON,5
442071,Golden Gate Ave (701-799),NA,NA,37.780732247,-122.4222550795,37.7805703078,-122.4235234359,ON,5
442072,Golden Gate Ave (700-798),NA,NA,37.7808690404,-122.4222450211,37.780708107,-122.4235083484,ON,15
443021,Gough St (201-299),NA,NA,37.7751217059,-122.4227087105,37.7757795212,-122.4228414806,ON,5
443022,Gough St (200-298),NA,NA,37.7751337759,-122.4225407363,37.7757855562,-122.4226725005,ON,8
443032,Gough St (300-398),NA,NA,37.7760782539,-122.4227318447,37.7767280225,-122.4228626031,ON,7
443041,Gough St (401-499),NA,NA,37.7769774693,-122.4230838865,37.7776624422,-122.4232226916,ON,10
443042,Gough St (400-498),NA,NA,37.7770006035,-122.422917924,37.777645343,-122.4230486824,ON,6
443052,Gough St (500-598),NA,NA,37.7782136391,-122.4231603299,37.7785928385,-122.4232377791,ON,8
446001,Grove St (1-55),NA,NA,37.7787276202,-122.4153409777,37.7786028968,-122.4164252665,ON,8
446002,Grove St (2-50),NA,NA,37.7788825186,-122.4151770268,37.7787376785,-122.416428284,ON,5
446003,Grove St (57-99),NA,NA,37.778407765,-122.4180919332,37.7785737276,-122.4167833434,ON,14
446004,Grove St (52-98),NA,NA,37.7786149668,-122.4180164957,37.7787628244,-122.4168497284,ON,19
446011,Grove St (101-199),NA,NA,37.7783212633,-122.4187668477,37.77825689,-122.4192727821,ON,4
446021,Grove St (201-299),NA,NA,37.7781271374,-122.4201850734,37.777990344,-122.4212572923,ON,8
446022,Grove St (200-298),NA,NA,37.7782558841,-122.4202383826,37.7781492657,-122.4210732247,ON,8
446031,Grove St (301-399),NA,NA,37.7779390465,-122.4216606317,37.7777750956,-122.4229491048,ON,17
446032,Grove St (300-398),NA,NA,37.778062764,-122.4217561859,37.777911889,-122.4229430698,ON,9
447211,Greenwich St (2101-2199),NA,NA,37.798958962,-122.4353952927,37.798916717,-122.4357302354,ON,2
447212,Greenwich St (2100-2198),NA,NA,37.7990846912,-122.4352524643,37.7990293703,-122.4356859787,ON,6
447221,Greenwich St (2201-2299),NA,NA,37.7988774894,-122.4360309797,37.7988382619,-122.4363387648,ON,2
460021,Halleck St (101-149),NA,NA,37.7935013076,-122.4013840274,37.7934801851,-122.4015520016,ON,2
463002,Hawthorne St (2-98),NA,NA,37.7857453229,-122.3992526655,37.7847746932,-122.398026554,ON,3
463011,Hawthorne St (101-199),NA,NA,37.7845755381,-122.3976131563,37.7835787568,-122.3963538523,ON,18
463012,Hawthorne St (100-198),NA,NA,37.7845091531,-122.3977097164,37.7834952726,-122.3964302957,ON,3
464001,Hayes St (51-99),NA,NA,37.7775900221,-122.4169513176,37.7774683162,-122.4179008248,ON,5
464011,Hayes St (101-199),NA,NA,37.7774230537,-122.4182639308,37.7772751961,-122.4194196339,ON,5
464031,Hayes St (301-399),NA,NA,37.7770145995,-122.4214630194,37.7768457051,-122.4227891772,ON,13
464032,Hayes St (300-398),NA,NA,37.7771353199,-122.4214924568,37.776961376,-122.4228575739,ON,13
464041,Hayes St (401-499),NA,NA,37.7768014484,-122.4231371957,37.7766626433,-122.4242245021,ON,9
464042,Hayes St (400-498),NA,NA,37.7768879501,-122.4234308992,37.7767561859,-122.4244659022,ON,5
464051,Hayes St (501-599),NA,NA,37.7765932408,-122.4247626232,37.7764272782,-122.4260621605,ON,13
464052,Hayes St (500-598),NA,NA,37.7767079059,-122.4248440958,37.7765751358,-122.4258851338,ON,12
467001,Hickory St (1-99),NA,NA,37.7758368538,-122.4197133374,37.7757111245,-122.4206970428,ON,5
467011,Hickory St (101-199),NA,NA,37.7756507745,-122.4211738081,37.7754848119,-122.4224773687,ON,10
470001,Howard St (51-99),NA,NA,37.7918175417,-122.3917199759,37.7913689399,-122.3922963186,ON,9
470002,Howard St (50-98),NA,NA,37.791919131,-122.3918638101,37.7914403541,-122.3924632871,ON,7
470012,Howard St (100-198),NA,NA,37.7912170589,-122.3927730839,37.7907614162,-122.3933443975,ON,5
471001,Harrison St (1-99),NA,NA,37.7891299537,-122.3888935828,37.7888966003,-122.3891913096,ON,6
471002,Harrison St (2-98),NA,NA,37.7894035405,-122.3888724603,37.7889881312,-122.3894015289,ON,8
471012,Harrison St (100-198),NA,NA,37.7887789177,-122.389667069,37.7883101992,-122.3902595051,ON,11
471051,Harrison St (501-549),NA,NA,37.7858599879,-122.3930335949,37.7853309193,-122.3937024744,ON,5
471052,Harrison St (500-598),NA,NA,37.7859253671,-122.3932760008,37.7844689197,-122.3951176826,ON,14
471061,Harrison St (601-699),NA,NA,37.7841420237,-122.3951961376,37.7826101388,-122.3971434319,ON,22
471062,Harrison St (600-646),NA,NA,37.7840967612,-122.3955904245,37.7835757393,-122.3962522631,ON,9
471064,Harrison St (648-698),NA,NA,37.7827157514,-122.397336552,37.7833705492,-122.3965027158,ON,13
472281,Hyde St (2801-2899),NA,NA,37.8068286059,-122.4206739087,37.8074823979,-122.4208026554,ON,1
500001,Jackson St (1-99),NA,NA,37.7971625427,-122.3973174412,37.7970609535,-122.3981160732,ON,4
500002,Jackson St (2-98),NA,NA,37.797294307,-122.3971625427,37.7971726011,-122.3981502716,ON,5
500011,Jackson St (101-199),NA,NA,37.797015691,-122.3984681151,37.796919131,-122.3992285254,ON,9
500012,Jackson St (100-198),NA,NA,37.7971253269,-122.3985274593,37.7970197143,-122.3993542547,ON,8
500021,Jackson St (201-299),NA,NA,37.7968567693,-122.3997163549,37.796761215,-122.4004616777,ON,4
500022,Jackson St (200-298),NA,NA,37.7969442768,-122.3997062965,37.7968436934,-122.4004958761,ON,2
500032,Jackson St (300-398),NA,NA,37.7967984309,-122.4008720579,37.7966988533,-122.4016606317,ON,1
500041,Jackson St (401-499),NA,NA,37.7965570308,-122.4020559244,37.796404144,-122.4032880708,ON,1
500231,Jackson St (2301-2399),NA,NA,37.7924763629,-122.4340947495,37.7924351237,-122.434424663,ON,4
500232,Jackson St (2300-2398),NA,NA,37.7925829813,-122.4341068196,37.7925457654,-122.4343975055,ON,2
501011,Jessie St (101-131),NA,NA,37.7883252867,-122.4004284852,37.7881719211,-122.4006220585,ON,3
501012,Jessie St (100-134),NA,NA,37.78838966,-122.4004737477,37.787990344,-122.4009796822,ON,1
502262,Jones St (2600-2698),NA,NA,37.8053922752,-122.4168577751,37.8060239388,-122.4169865218,ON,5
502271,Jones St (2701-2799),NA,NA,37.8062673506,-122.4171695836,37.8069533293,-122.4173043653,ON,8
502282,Jones St (2800-2898),NA,NA,37.8072389861,-122.4172259103,37.807615168,-122.417300342,ON,8
520001,Kearny St (13-99),NA,NA,37.7881140616,-122.4036028968,37.7887638302,-122.4037256085,ON,9
520011,Kearny St (101-199),NA,NA,37.7890454637,-122.403764836,37.7897133374,-122.4039026353,ON,10
520021,Kearny St (201-299),NA,NA,37.7899778717,-122.4039569503,37.790641722,-122.4040937437,ON,12
520031,Kearny St (301-399),NA,NA,37.7909404546,-122.4041550996,37.7915349024,-122.4042778113,ON,10
524012,King St (100-198),NA,NA,37.7798622008,-122.3898642124,37.7792023738,-122.3907000604,ON,1
524022,King St (200-298),NA,NA,37.7777992356,-122.3924663046,37.7773536512,-122.3930305773,ON,1
540151,Laguna St (1501-1599),NA,NA,37.7851760209,-122.4280949507,37.7856698853,-122.4281955341,ON,6
540152,Laguna St (1500-1598),NA,NA,37.7851790384,-122.427960169,37.7856668678,-122.4280587407,ON,3
540161,Laguna St (1601-1699),NA,NA,37.7858861396,-122.4282367733,37.786604305,-122.4283816134,ON,8
542001,Larkin St (7-99),NA,NA,37.7779088715,-122.4165157916,37.7785174009,-122.4166324683,ON,7
542002,Larkin St (10-98),NA,NA,37.7779209415,-122.4163608932,37.7785083484,-122.4164735466,ON,1
542301,Larkin St (3001-3099),NA,NA,37.8056739087,-122.4221102394,37.8062864615,-122.422233957,ON,7
542302,Larkin St (3000-3098),NA,NA,37.8057312412,-122.4219865218,37.8063025548,-122.4221011869,ON,5
546272,Leavenworth St (2700-2798),NA,NA,37.8064232549,-122.418752766,37.8067672501,-122.4188231744,ON,2
546273,Leavenworth St (2701-2715),NA,NA,37.8067642325,-122.4189559445,37.8064996982,-122.4189016295,ON,2
546281,Leavenworth St (2801-2849),NA,NA,37.8069633876,-122.4189941662,37.8077016697,-122.4191450412,ON,4
546282,Leavenworth St (2800-2848),NA,NA,37.8069905452,-122.4188664253,37.8071665661,-122.4189026353,ON,2
547002,Lech Walesa St (2-98),NA,NA,37.7779908131,-122.4182749864,37.7778273989,-122.4195574331,ON,1
549201,Lombard St (2001-2099),NA,NA,37.7999235566,-122.4345503923,37.7997596057,-122.4358278012,ON,null
549212,Lombard St (2100-2198),NA,NA,37.799933615,-122.4362049889,37.7997626232,-122.4375528063,ON,6
549222,Lombard St (2200-2298),NA,NA,37.7997254074,-122.4378525448,37.7996047073,-122.4388010461,ON,3
549232,Lombard St (2300-2398),NA,NA,37.7995151881,-122.4395081473,37.7993441963,-122.4408489238,ON,8
549241,Lombard St (2401-2499),NA,NA,37.7990887145,-122.4410963589,37.7989147053,-122.4424813921,ON,1
549242,Lombard St (2400-2498),NA,NA,37.7993069805,-122.4411315631,37.7991470529,-122.4424079662,ON,10
560002,Mallorca Way (2-70),NA,NA,37.8008036612,-122.437264132,37.8009656005,-122.4372973245,ON,2
561002,Main St (2-98),NA,NA,37.7929330115,-122.3964272782,37.7919201368,-122.3951579159,ON,9
561031,Main St (301-399),NA,NA,37.7893250855,-122.3916566083,37.7883403742,-122.3904264735,ON,7
561032,Main St (300-398),NA,NA,37.7892074029,-122.3917662442,37.7882327499,-122.3905471736,ON,8
563031,Mcallister St (301-399),NA,NA,37.7803480185,-122.4171685778,37.7802675518,-122.4177942064,ON,12
563032,Mcallister St (300-398),NA,NA,37.7805169986,-122.4174542346,37.780387246,-122.4184771676,ON,6
563042,Mcallister St (400-498),NA,NA,37.780308791,-122.419091732,37.7801901026,-122.4200211225,ON,7
563051,Mcallister St (501-599),NA,NA,37.7800040233,-122.4205019111,37.7798501308,-122.4217109234,ON,6
563052,Mcallister St (500-598),NA,NA,37.7800915309,-122.4207986321,37.7799668075,-122.4217742909,ON,11
566042,Merchant St (400-498),NA,NA,37.7954556427,-122.4005924361,37.7953822169,-122.4011939248,ON,2
568001,Mission St (1-33),NA,NA,37.7934781734,-122.3927398914,37.7932649366,-122.3930094548,ON,1
568002,Mission St (2-34),NA,NA,37.7936552002,-122.3928002414,37.7934087709,-122.3931090324,ON,2
568003,Mission St (35-99),NA,NA,37.7930637699,-122.393262925,37.7926352847,-122.3938030577,ON,6
568004,Mission St (36-98),NA,NA,37.7926986522,-122.3939800845,37.7931472541,-122.3934148059,ON,8
568011,Mission St (101-199),NA,NA,37.7923878495,-122.3941118487,37.7919050493,-122.3947233957,ON,13
568063,Mission St (636-698),NA,NA,37.7872751961,-122.4005894186,37.7865992758,-122.4014453832,ON,3
568064,Mission St (636-698),NA,NA,37.7866938242,-122.4015831825,37.787402937,-122.4006849728,ON,3
568202,Mission St (2000-2098),NA,NA,37.7645413398,-122.419709314,37.7635576343,-122.4196147656,ON,6
568252,Mission St (2500-2598),NA,NA,37.7565338966,-122.4189428686,37.7555351036,-122.4188473144,ON,1
568271,Mission St (2701-2799),NA,NA,37.7537417019,-122.4184952726,37.7527549789,-122.4184007242,ON,4
568272,Mission St (2700-2798),NA,NA,37.7533980479,-122.4186408719,37.7524009254,-122.4185455643,ON,1
569002,Market St (2-198),NA,NA,37.7945956548,-122.3948551599,37.7945161939,-122.3949617783,ON,1
570012,Minna St (100-134),NA,NA,37.7874683162,-122.3994417622,37.7870921344,-122.39992758,ON,5
570014,Minna St (136-198),NA,NA,37.7863582118,-122.4008622353,37.7869452826,-122.4001066184,ON,2
571001,Montgomery St (1-99),NA,NA,37.7892104204,-122.402088111,37.7898672299,-122.4022228928,ON,12
571011,Montgomery St (101-199),NA,NA,37.790405351,-122.4023325287,37.7908036612,-122.4024140012,ON,8
571021,Montgomery St (201-299),NA,NA,37.7911074231,-122.4024783746,37.7917018709,-122.4026000805,ON,11
571031,Montgomery St (301-399),NA,NA,37.7920227318,-122.4026674713,37.7926825588,-122.4028032589,ON,11
571041,Montgomery St (401-499),NA,NA,37.7929732448,-122.4028626031,37.7936421243,-122.4030004023,ON,8
571051,Montgomery St (501-599),NA,NA,37.7938815128,-122.4030516999,37.7945383223,-122.4031844699,ON,8
580011,Natoma St (101-132),NA,NA,37.7870871052,-122.3988684369,37.7866837658,-122.399388453,ON,3
580013,Natoma St (134-198),NA,NA,37.7865389258,-122.3995715148,37.786071213,-122.4001639509,ON,8
582011,New Montgomery St (101-199),NA,NA,37.7873496278,-122.4003047677,37.7863347415,-122.3990394287,ON,12
582012,New Montgomery St (100-198),NA,NA,37.7872912895,-122.400417421,37.7862874673,-122.3991661637,ON,9
585012,North Point St (100-198),NA,NA,37.8072188694,-122.4090052303,37.8070790585,-122.4101156709,ON,11
585022,North Point St (200-298),NA,NA,37.807015691,-122.4106376987,37.8068668276,-122.4118235767,ON,17
585031,North Point St (301-399),NA,NA,37.8066485617,-122.4124854154,37.8065550191,-122.4132428083,ON,3
585032,North Point St (300-398),NA,NA,37.8068094951,-122.4122922953,37.8066425267,-122.413638101,ON,4
585041,North Point St (401-499),NA,NA,37.8064715349,-122.4139016295,37.8062924965,-122.415290686,ON,8
585042,North Point St (400-498),NA,NA,37.8065620599,-122.4142667471,37.806428284,-122.4153007443,ON,3
585051,North Point St (501-599),NA,NA,37.8062613156,-122.4155552203,37.8060993764,-122.4168648159,ON,4
585052,North Point St (500-598),NA,NA,37.806386039,-122.4156497687,37.8062240998,-122.4169633876,ON,9
585061,North Point St (601-679),NA,NA,37.806016898,-122.4175316838,37.8059464896,-122.4180919332,ON,4
585092,North Point St (900-998),NA,NA,37.8055461678,-122.4221474552,37.8053721585,-122.4235153893,ON,12
590001,Oak St (1-99),NA,NA,37.7753439952,-122.4195242406,37.7751790384,-122.4208157312,ON,7
590002,Oak St (2-98),NA,NA,37.7754657011,-122.4196358882,37.7753138202,-122.4208267954,ON,17
590011,Oak St (101-199),NA,NA,37.7751066184,-122.4213900624,37.7749899417,-122.4223053712,ON,7
590012,Oak St (100-198),NA,NA,37.7752735868,-122.4211426272,37.7751257292,-122.4223023537,ON,13
606001,Pine St (1-99),NA,NA,37.7924542346,-122.3977318447,37.7923647153,-122.3984349226,ON,9
606002,Pine St (2-98),NA,NA,37.7925900221,-122.3976644538,37.7924874271,-122.3984671092,ON,8
606011,Pine St (101-199),NA,NA,37.792336552,-122.3986944277,37.7922289278,-122.3995503923,ON,12
606012,Pine St (100-198),NA,NA,37.7924421646,-122.398734661,37.7923264937,-122.3996509757,ON,8
606031,Pine St (301-399),NA,NA,37.7920297727,-122.4011265339,37.7918628043,-122.4024381412,ON,14
606032,Pine St (300-398),NA,NA,37.7921384027,-122.4011084289,37.7919684168,-122.4024441762,ON,13
606041,Pine St (401-499),NA,NA,37.7918135184,-122.4027529672,37.7916485617,-122.4040504929,ON,12
606042,Pine St (400-448),NA,NA,37.7919402535,-122.4027338564,37.7918034601,-122.4038060752,ON,12
606231,Pine St (2301-2799),NA,NA,37.7878626031,-122.4338050694,37.7878113056,-122.4342063971,ON,3
606232,Pine St (2300-2398),NA,NA,37.7879993965,-122.4337980286,37.7879672098,-122.4340514987,ON,1
607321,Pierce St (3201-3299),NA,NA,37.7995624623,-122.4394317039,37.8002856568,-122.439576544,ON,9
607322,Pierce St (3200-3298),NA,NA,37.7995855965,-122.4392999396,37.8002926976,-122.4394437739,ON,1
607331,Pierce St (3301-3337),NA,NA,37.8005059344,-122.4395544156,37.8006578153,-122.4395855965,ON,1
607332,Pierce St (3300-3330),NA,NA,37.8005200161,-122.4394377389,37.8006869845,-122.4394719372,ON,3
608012,Pixley St (100-198),NA,NA,37.7985737276,-122.435320861,37.7985324884,-122.4356457453,ON,4
608022,Pixley St (200-298),NA,NA,37.7984992959,-122.435908268,37.7984560451,-122.4362432106,ON,5
612001,Polk St (1-99),NA,NA,37.7770126735,-122.418026554,37.7773335345,-122.4180889157,ON,4
612011,Polk St (141-199),NA,NA,37.778032589,-122.4182367733,37.77824482,-122.4182780125,ON,3
612012,Polk St (100-198),NA,NA,37.7776765238,-122.4179973848,37.77825689,-122.4181100382,ON,6
612032,Polk St (300-398),NA,NA,37.7794659022,-122.4183011467,37.7800704084,-122.4184238584,ON,8
612311,Polk St (3101-3199),NA,NA,37.8057040837,-122.4238181452,37.8061154697,-122.4239016295,ON,3
612312,Polk St (3100-3198),NA,NA,37.8054164152,-122.4236028968,37.8061265339,-122.423746731,ON,4
614001,Post St (1-99),NA,NA,37.7890223295,-122.4022108228,37.7888664253,-122.4034429692,ON,11
614002,Post St (2-98),NA,NA,37.7891319654,-122.4021947294,37.7889720378,-122.4034640917,ON,16
614161,Post St (1601-1699),NA,NA,37.7856910078,-122.4282840475,37.7855310803,-122.4295634681,ON,6
614162,Post St (1600-1698),NA,NA,37.7858207604,-122.42834138,37.7856618387,-122.4295986723,ON,10
614171,Post St (1701-1799),NA,NA,37.7854817944,-122.4299738483,37.7853439952,-122.4310500905,ON,9
614172,Post St (1700-1798),NA,NA,37.7856024945,-122.4300754375,37.7854646952,-122.4311748139,ON,13
614181,Post St (1801-1899),NA,NA,37.7852755985,-122.4316002816,37.7851126534,-122.4329048481,ON,4
614182,Post St (1800-1898),NA,NA,37.7854073627,-122.4316294508,37.785242406,-122.4329491048,ON,10
614191,Post St (1901-1999),NA,NA,37.785066385,-122.4332096158,37.7848943874,-122.4345815731,ON,5
614192,Post St (1900-1998),NA,NA,37.7851981493,-122.4332397908,37.7850331925,-122.4345554214,ON,8
616241,Powell St (2401-2499),NA,NA,37.8068728626,-122.412239992,37.8075538121,-122.4123757795,ON,5
640011,Redwood St (101-199),NA,NA,37.7806708912,-122.4192828405,37.7805642728,-122.4201217059,ON,8
644032,Ritch St (300-398),NA,NA,37.7795272581,-122.394727419,37.7785174009,-122.3934620801,ON,15
650011,Sacramento St (101-199),NA,NA,37.7945222289,-122.3967843492,37.7944216455,-122.397572923,ON,7
650021,Sacramento St (201-299),NA,NA,37.7943663247,-122.3980114665,37.794267753,-122.3987799236,ON,9
650031,Sacramento St (301-399),NA,NA,37.7942134379,-122.3991711929,37.7941078254,-122.4000020117,ON,10
650041,Sacramento St (401-499),NA,NA,37.7940625629,-122.4003480185,37.793958962,-122.4011607322,ON,11
650051,Sacramento St (501-599),NA,NA,37.7939126936,-122.4015691008,37.7937547777,-122.4028032589,ON,14
650241,Sacramento St (2401-2449),NA,NA,37.7899285858,-122.4328766848,37.7898400724,-122.4335727218,ON,1
650242,Sacramento St (2400-2498),NA,NA,37.7900754375,-122.4325658821,37.7899054516,-122.4339096761,ON,7
650251,Sacramento St (2501-2599),NA,NA,37.7897656407,-122.4341631462,37.789721384,-122.4345192114,ON,4
650252,Sacramento St (2500-2598),NA,NA,37.7898229732,-122.4345634681,37.7898400724,-122.4344327097,ON,1
651001,Sansome St (1-99),NA,NA,37.790581372,-122.4007030779,37.7910219272,-122.4007936029,ON,2
651011,Sansome St (101-199),NA,NA,37.7912965198,-122.4008509354,37.7919472943,-122.4009847113,ON,10
651012,Sansome St (100-198),NA,NA,37.7914031382,-122.4007131362,37.7917632267,-122.4007875679,ON,5
651021,Sansome St (201-299),NA,NA,37.7922420036,-122.4010440555,37.7928766848,-122.4011748139,ON,11
651022,Sansome St (200-298),NA,NA,37.7922802253,-122.4008951921,37.7929370348,-122.4010309797,ON,6
651031,Sansome St (343-399),NA,NA,37.7935928385,-122.4013216657,37.7938523436,-122.4013749749,ON,5
651032,Sansome St (300-398),NA,NA,37.7932578958,-122.4010963589,37.7939187286,-122.4012311406,ON,9
651041,Sansome St (401-449),NA,NA,37.7940887145,-122.4014242607,37.7943240797,-122.4014725407,ON,5
651042,Sansome St (450-498),NA,NA,37.7944447797,-122.4013397707,37.7947062965,-122.4013950915,ON,6
651051,Sansome St (501-599),NA,NA,37.7949507141,-122.401592235,37.7954737477,-122.4016938242,ON,2
651052,Sansome St (500-598),NA,NA,37.7949567491,-122.4014413599,37.7954345202,-122.4015338966,ON,2
652321,Scott St (3201-3299),NA,NA,37.7993552605,-122.4410973647,37.8000643734,-122.4412462281,ON,7
652322,Scott St (3200-3298),NA,NA,37.799406558,-122.440950513,37.8000865017,-122.4410923355,ON,5
652331,Scott St (3301-3399),NA,NA,37.8002957151,-122.4412683565,37.8004988936,-122.4413095957,ON,1
652332,Scott St (3300-3398),NA,NA,37.8002957151,-122.4411315631,37.8004123919,-122.4411557031,ON,2
658011,Spear St (101-199),NA,NA,37.7922631261,-122.3935857976,37.7914685174,-122.3925890163,ON,17
658021,Spear St (201-299),NA,NA,37.7912482398,-122.3923134178,37.7902323476,-122.3910400322,ON,10
658022,Spear St (200-298),NA,NA,37.7911375981,-122.3924311004,37.7901196942,-122.3911546972,ON,14
658031,Spear St (301-399),NA,NA,37.7900040233,-122.3907533695,37.789043452,-122.3895483806,ON,17
658041,Spear St (401-499),NA,NA,37.7887668477,-122.3892114263,37.7886039026,-122.3890062362,ON,3
663151,Steiner St (1501-1599),NA,NA,37.7831784349,-122.4344377389,37.7838483203,-122.4345735265,ON,4
663152,Steiner St (1500-1598),NA,NA,37.7832367733,-122.4343140213,37.7838241802,-122.4344327097,ON,5
663331,Steiner St (3301-3399),NA,NA,37.7997787166,-122.4377992356,37.8004918527,-122.4379340173,ON,6
663332,Steiner St (3300-3398),NA,NA,37.8000010058,-122.437699658,37.8005210219,-122.4378042647,ON,5
664232,Stockton St (2300-2398),NA,NA,37.8070931402,-122.4104586602,37.8075769463,-122.4105552203,ON,2
665002,Steuart St (2-78),NA,NA,37.7942657413,-122.3946157715,37.7938090927,-122.394043452,ON,3
665011,Steuart St (101-199),NA,NA,37.7931754174,-122.392966204,37.7921575136,-122.3916908067,ON,12
665012,Steuart St (100-198),NA,NA,37.793032589,-122.393068799,37.7920559244,-122.3918446993,ON,2
666001,Sutter St (51-99),NA,NA,37.7901649567,-122.4007825387,37.7900030175,-122.4020478777,ON,15
666002,Sutter St (50-98),NA,NA,37.7901679743,-122.40159827,37.7901126534,-122.4020317843,ON,7
666011,Sutter St (101-199),NA,NA,37.7899607725,-122.402390867,37.7897958157,-122.4036833635,ON,7
666012,Sutter St (100-198),NA,NA,37.79006035,-122.4024361296,37.7899074633,-122.4036391068,ON,16
666181,Sutter St (1801-1899),NA,NA,37.7864272782,-122.4300915309,37.786404144,-122.4302715751,ON,2
666201,Sutter St (2001-2099),NA,NA,37.7860138805,-122.4334138,37.7858479179,-122.4347183665,ON,18
671001,South Park (1-99),NA,NA,37.7823134178,-122.3928887548,37.7821635486,-122.3930778515,ON,9
671002,South Park (2-98),NA,NA,37.7824300945,-122.3930255482,37.7822238986,-122.393287065,ON,11
671011,South Park (151-199),NA,NA,37.7809575538,-122.3946047073,37.7807513579,-122.3948662241,ON,13
671012,South Park (150-198),NA,NA,37.7810380205,-122.3947726816,37.7808459063,-122.3950150875,ON,8
681251,Taylor St (2501-2599),NA,NA,37.8055340978,-122.4153319252,37.8062150473,-122.4154737477,ON,11
681252,Taylor St (2500-2598),NA,NA,37.8056789378,-122.4152232951,37.8062331523,-122.415338966,ON,8
681261,Taylor St (2601-2699),NA,NA,37.8064564474,-122.4155240394,37.8070850935,-122.4156487628,ON,10
681262,Taylor St (2600-2698),NA,NA,37.8065640716,-122.4154063569,37.8071645544,-122.4155250453,ON,11
681271,Taylor St (2701-2799),NA,NA,37.8073808087,-122.4157060954,37.8079993965,-122.4158308187,ON,6
681272,Taylor St (2700-2798),NA,NA,37.8073928787,-122.4155723195,37.808098974,-122.4157151479,ON,6
684001,Townsend St (1-99),NA,NA,37.7811627439,-122.3896741098,37.7807045671,-122.390250618,ON,6
684002,Townsend St (54-98),NA,NA,37.7811204989,-122.3900331925,37.7808479179,-122.3903761819,ON,4
684011,Townsend St (101-199),NA,NA,37.7804646952,-122.3905582378,37.7790162945,-122.392390867,ON,15
684012,Townsend St (130-198),NA,NA,37.7801528867,-122.391259304,37.779007242,-122.3927087105,ON,4
684021,Townsend St (249-271),NA,NA,37.7786598651,-122.3928403263,37.7780124723,-122.3936552002,ON,3
684022,Townsend St (200-298),NA,NA,37.778632066,-122.3931814524,37.7774421646,-122.3946891973,ON,12
684032,Townsend St (300-398),NA,NA,37.7770066385,-122.3952705693,37.7756930195,-122.3969392476,ON,2
689012,Tehama St (100-128),NA,NA,37.7862371756,-122.3978857373,37.7860309797,-122.3981482599,ON,2
700041,Valencia St (401-499),NA,NA,37.7664544357,-122.421925166,37.7651267351,-122.4217984309,ON,6
700042,Valencia St (400-498),NA,NA,37.7663548582,-122.4221323677,37.7650623617,-122.4220086502,ON,13
700051,Valencia St (501-599),NA,NA,37.7647193724,-122.4217592034,37.7635003018,-122.4216425267,ON,4
700052,Valencia St (500-598),NA,NA,37.7646660632,-122.4219704285,37.7634479984,-122.4218537518,ON,10
700061,Valencia St (601-699),NA,NA,37.7631653591,-122.42161034,37.7619181251,-122.4214906457,ON,6
700062,Valencia St (630-698),NA,NA,37.7626624422,-122.4217793201,37.7618336351,-122.4216998592,ON,2
700071,Valencia St (701-799),NA,NA,37.7614805874,-122.4214484007,37.7602896801,-122.4213347415,ON,8
700072,Valencia St (700-798),NA,NA,37.7615550191,-122.4216727017,37.7602102193,-122.4215439549,ON,8
700081,Valencia St (801-899),NA,NA,37.7600070408,-122.421307584,37.7586317927,-122.4211760806,ON,12
700082,Valencia St (800-898),NA,NA,37.7599295916,-122.4215167974,37.7585948501,-122.4213890565,ON,10
700091,Valencia St (901-999),NA,NA,37.7584097767,-122.4211546972,37.7570720177,-122.4210269563,ON,11
700092,Valencia St (900-998),NA,NA,37.7583182458,-122.4213629048,37.7570016093,-122.4212371756,ON,12
700101,Valencia St (1001-1099),NA,NA,37.7568175417,-122.4210028163,37.7555351036,-122.4208790988,ON,12
700102,Valencia St (1000-1098),NA,NA,37.7567360692,-122.4212110239,37.7554023335,-122.421083283,ON,8
700111,Valencia St (1101-1199),NA,NA,37.7552041843,-122.4208479179,37.7538573728,-122.4207191712,ON,12
700112,Valencia St (1100-1198),NA,NA,37.7551207001,-122.4210571314,37.753904647,-122.4209404546,ON,10
700121,Valencia St (1201-1299),NA,NA,37.753577751,-122.4206920137,37.7522661436,-122.4205662844,ON,19
700122,Valencia St (1200-1298),NA,NA,37.7535878093,-122.4209102796,37.7522953128,-122.4207885737,ON,15
701001,Van Ness Ave (41-99),NA,NA,37.7759645946,-122.419582579,37.7761225106,-122.4196147656,ON,2
701002,Van Ness Ave (2-98),NA,NA,37.7759615771,-122.4192566888,37.7762301348,-122.419309998,ON,1
701011,Van Ness Ave (101-199),NA,NA,37.7765097566,-122.4196922148,37.7771273386,-122.4198159324,ON,4
701021,Van Ness Ave (201-299),NA,NA,37.7774562462,-122.4198813116,37.7778163347,-122.4199537316,ON,0
701022,Van Ness Ave (200-298),NA,NA,37.7778615973,-122.419636894,37.7780758399,-122.4196801448,ON,null
701031,Van Ness Ave (301-499),NA,NA,37.7785515993,-122.4201589217,37.7790243412,-122.4201981493,ON,5
701032,Van Ness Ave (300-498),NA,NA,37.7787557835,-122.4198189499,37.7791641521,-122.4199014283,ON,5
701041,Van Ness Ave (301-499),NA,NA,37.7791571112,-122.4202253068,37.7796399115,-122.4203791994,ON,4
701042,Van Ness Ave (300-498),NA,NA,37.7792134379,-122.4199114866,37.7796640515,-122.4200020117,ON,5
701051,Van Ness Ave (501-599),NA,NA,37.7802454235,-122.4204455844,37.7808619996,-122.4205703078,ON,8
701052,Van Ness Ave (500-598),NA,NA,37.7802806276,-122.4201267351,37.7808901629,-122.4202504526,ON,7
720001,Washington St (1-99),NA,NA,37.7964624824,-122.3957060954,37.7962975256,-122.3966847717,ON,9
720002,Washington St (2-98),NA,NA,37.79663448,-122.3960430497,37.7964906457,-122.3967511567,ON,6
720011,Washington St (101-199),NA,NA,37.7962854556,-122.3971625427,37.7961788373,-122.3980044257,ON,4
720012,Washington St (100-198),NA,NA,37.7963528465,-122.3972259103,37.7962562865,-122.3979863207,ON,7
720021,Washington St (201-399),NA,NA,37.7960973647,-122.3983494267,37.7959957755,-122.3991470529,ON,1
720022,Washington St (200-398),NA,NA,37.7962059948,-122.3983796017,37.7961516797,-122.3988080869,ON,3
720032,Washington St (200-430),NA,NA,37.7961174814,-122.3990806679,37.7959555421,-122.400351036,ON,12
720052,Washington St (500-598),NA,NA,37.7957191712,-122.4022550795,37.7956004828,-122.4031905049,ON,null
720241,Washington St (2401-2499),NA,NA,37.7915811708,-122.4340364112,37.7915550191,-122.434243613,ON,1
720242,Washington St (2400-2498),NA,NA,37.791688795,-122.4340424462,37.7916596258,-122.434267753,ON,2
722151,Webster St (1501-1599),NA,NA,37.7848098974,-122.4314152082,37.7852554818,-122.4315057333,ON,5
722152,Webster St (1500-1598),NA,NA,37.7848410783,-122.4310993764,37.7852715751,-122.4311868839,ON,4
722162,Webster St (1600-1698),NA,NA,37.7855491853,-122.4312391873,37.7862120298,-122.4313719574,ON,6
722211,Webster St (2001-2199),NA,NA,37.7898792999,-122.4324401529,37.7907553812,-122.4326171796,ON,3
722212,Webster St (2100-2198),NA,NA,37.7902092134,-122.4323285053,37.7908056729,-122.4324492054,ON,3
722221,Webster St (2201-2299),NA,NA,37.7910219272,-122.4326714947,37.7911436331,-122.4326956347,ON,1
722222,Webster St (2200-2298),NA,NA,37.7911013881,-122.4325095554,37.7912462281,-122.4325387246,ON,1
818011,Brannan St (1-199),NA,NA,37.7846097365,-122.3884520217,37.7837326494,-122.3895282639,ON,27
818012,Brannan St (2-198),NA,NA,37.7848249849,-122.3883916717,37.7837839469,-122.3897777107,ON,32
820011,Bryant St (51-99),NA,NA,37.7867702676,-122.3888141219,37.7862945081,-122.3894236572,ON,10
820012,Bryant St (32-98),NA,NA,37.7868366526,-122.3889871253,37.786361899,-122.3895906256,ON,11
826061,Delancey St (601-699),NA,NA,37.7834992959,-122.3895554214,37.7830607524,-122.389001207,ON,18
826062,Delancey St (600-698),NA,NA,37.783395695,-122.3897314424,37.7829028365,-122.3891088312,ON,22
830001,Embarcadero North (1-99),NA,NA,37.7950170992,-122.3944407564,37.7958308187,-122.3949829008,ON,16
830012,Embarcadero North (100-198),NA,NA,37.7964031382,-122.3947978274,37.7964805874,-122.3948561658,ON,2
830021,Embarcadero North (201-299),NA,NA,37.7974260712,-122.3963156307,37.797766043,-122.3966022933,ON,8
830022,Embarcadero North (200-298),NA,NA,37.7970951519,-122.3954405552,37.7974310803,-122.3957503884,ON,3
831001,Embarcadero South (1-99),NA,NA,37.7946871857,-122.394091732,37.7943301147,-122.3935445584,ON,8
831021,Embarcadero South (201-299),NA,NA,37.7920730235,-122.3911878898,37.7911526856,-122.3907040837,ON,18
831022,Embarcadero South (200-298),NA,NA,37.7923938845,-122.3907302354,37.7910963734,-122.3899637911,ON,20
831032,Embarcadero South (300-398),NA,NA,37.7908137196,-122.3896710923,37.7901679743,-122.3888855361,ON,12
831041,Embarcadero South (401-499),NA,NA,37.7892768055,-122.3885194126,37.7878555623,-122.3880647757,ON,27
831042,Embarcadero South (400-498),NA,NA,37.7894779722,-122.3881532891,37.7881452424,-122.387657413,ON,19
831051,Embarcadero South (501-599),NA,NA,37.7869231543,-122.3880858982,37.7852715751,-122.3882176624,ON,29
831052,Embarcadero South (500-598),NA,NA,37.7868597868,-122.3876262321,37.7858227721,-122.3877087105,ON,15
831061,Embarcadero South (601-699),NA,NA,37.7845524039,-122.3882760008,37.7824170187,-122.3884469926,ON,32
831071,King St (701-799),NA,NA,37.7816354858,-122.3885204184,37.7800895192,-122.3895976665,ON,30
844002,Howard St (2-48),NA,NA,37.7922983303,-122.3913971032,37.7921444377,-122.3915892175,ON,1
847001,Jefferson St (1-99),NA,NA,37.8085375176,-122.4127710722,37.8083856367,-122.4139871253,ON,17
847011,Jefferson St (101-199),NA,NA,37.8083433917,-122.4143301147,37.8081764233,-122.4156698853,ON,17
847031,Jefferson St (301-399),NA,NA,37.8079330115,-122.4176161738,37.8077630255,-122.4189338161,ON,12
847032,Jefferson St (302-398),NA,NA,37.8079621806,-122.4182236974,37.8078686381,-122.4189539328,ON,9
847041,Jefferson St (401-499),NA,NA,37.8077348622,-122.4192224904,37.807621203,-122.4201116476,ON,7
847042,Jefferson St (400-498),NA,NA,37.8077921947,-122.4194870247,37.8077157514,-122.4200834842,ON,5
847052,Jefferson St (500-598),NA,NA,37.8076352847,-122.4209042446,37.8075688996,-122.4214463891,ON,5
864041,Spear St (401-499),NA,NA,37.7885073426,-122.3888855361,37.7881029974,-122.3883765842,ON,7
864042,Spear St (400-498),NA,NA,37.7884308992,-122.3890454637,37.7879309998,-122.3884158117,ON,20
865021,Steuart St (200-248),NA,NA,37.7918155301,-122.3915359083,37.7916837658,-122.3913699457,ON,2
865022,Steuart St (201-249),NA,NA,37.7919513176,-122.3914745524,37.7918306176,-122.3913287065,ON,1
